Workbook

Sheet Guía_y_Explicación
B2: 📊 REGISTRO DE PRODUCCIÓN Y SOBRANTES — SEPTIEMBRE 2026
B3: Panadería Svetlana — Documento de recolección de datos históricos para inicializar el sistema de inventario y cierres.
B5: 1. Objetivo del Documento
B6: Este archivo permite recopilar lo que se horneó y lo que sobró cada día durante el mes de Septiembre 2026. Con estos datos, el sistema no empezará en cero: cargará el historial real de producción, el inventario inicial exacto para Octubre, y las estadísticas de venta y mermas por producto.
B10: 2. Estructura de las Hojas
B11: • Pestaña 'Matriz_Diaria_Septiembre': Es una cuadrícula del 1 al 30 de Septiembre. Cada fila es un día y contiene columnas de [Horneado] y [Sobrante] para cada pan. Ideal para revisar el mes completo de un solo vistazo. • Pestaña 'Carga_Detallada_Dia_a_Dia': Es la tabla estructurada fila por fila (Día x Pan). Incluye fórmulas automáticas para calcular: Venta en Piezas = Horneado - Sobrante, y el Total en Quetzales (Q). • Pestaña 'Resumen_Consolidado_Mes': Calcula automáticamente los totales de todo el mes por pan: Total Horneado, Total Sobrante, Total Vendido, % de Efectividad y Quetzales generados.
B16: 3. Glosario de Términos
B17: • Horneado (Piezas): Total de panes producidos en el día (puedes anotar directamente las piezas o multiplicar latas × unidades por lata). • Sobrante (Cierre): Panes que quedaron en vitrinas o canastas al final del día sin venderse. • Vendido = Horneado - Sobrante - Mermas (Se calcula automáticamente con fórmulas de Excel). • Venta Estimada (Q): Se multiplica las unidades vendidas por el precio oficial en Quetzales.
B23: 4. ¿Cómo entregarlo?
B24: Los dueños pueden rellenar los días de Septiembre según sus cuadernos o bitácoras de panadería. Si un día no se horneó algún producto (por ejemplo, donas los domingos), simplemente se coloca 0.

Sheet Matriz_Diaria_Septiembre
A1: PANADERÍA SVETLANA — MATRIZ MENSUAL DE HORNEADO Y SOBRANTES (SEPTIEMBRE 2026)
A2: DATOS DEL DÍA | D2: Pan Francés (Q0.50) | G2: Pan Dulce Pequeño (Q0.50) | J2: Pan Dulce Grande (Q1.25) | M2: Champurrada Grande (Q1.25) | P2: Champurrada Pequeña (Q0.50) | S2: Cubiletes (Q2.00) | V2: Empanadas (Q2.50) | Y2: Donas Variadas (Q2.50) | AB2: Otros Panes Dulces / Galletas | AE2: TOTALES DIARIOS CONSOLIDADOS
A3: Fecha | B3: Día | C3: Sucursal | D3: Horneado | E3: Sobrante | F3: Vendido | G3: Horneado | H3: Sobrante | I3: Vendido | J3: Horneado | K3: Sobrante | L3: Vendido | M3: Horneado | N3: Sobrante | O3: Vendido | P3: Horneado | Q3: Sobrante | R3: Vendido | S3: Horneado | T3: Sobrante | U3: Vendido | V3: Horneado | W3: Sobrante | X3: Vendido | Y3: Horneado | Z3: Sobrante | AA3: Vendido | AB3: Horneado | AC3: Sobrante | AD3: Vendido | AE3: Total Horneado | AF3: Total Sobrante | AG3: Total Vendido | AH3: Venta Total (Q)
A4: 01/09/2026 | B4: Martes | C4: Central | D4: 1188 | E4: 36 | F4: =MAX(0, D4-E4) | G4: 600 | H4: 25 | I4: =MAX(0, G4-H4) | J4: 300 | K4: 12 | L4: =MAX(0, J4-K4) | M4: 150 | N4: 8 | O4: =MAX(0, M4-N4) | P4: 240 | Q4: 15 | R4: =MAX(0, P4-Q4) | S4: 120 | T4: 6 | U4: =MAX(0, S4-T4) | V4: 96 | W4: 4 | X4: =MAX(0, V4-W4) | Y4: 120 | Z4: 8 | AA4: =MAX(0, Y4-Z4) | AB4: 200 | AC4: 10 | AD4: =MAX(0, AB4-AC4) | AE4: =D4+G4+J4+M4+P4+S4+V4+Y4+AB4 | AF4: =E4+H4+K4+N4+Q4+T4+W4+Z4+AC4 | AG4: =F4+I4+L4+O4+R4+U4+X4+AA4+AD4 | AH4: =(F4*0.5) + (I4*0.5) + (L4*1.25) + (O4*1.25) + (R4*0.5) + (U4*2.0) + (X4*2.5) + (AA4*2.5) + (AD4*1.5)
A5: 02/09/2026 | B5: Miércoles | C5: Central | F5: =MAX(0, D5-E5) | I5: =MAX(0, G5-H5) | L5: =MAX(0, J5-K5) | O5: =MAX(0, M5-N5) | R5: =MAX(0, P5-Q5) | U5: =MAX(0, S5-T5) | X5: =MAX(0, V5-W5) | AA5: =MAX(0, Y5-Z5) | AD5: =MAX(0, AB5-AC5) | AE5: =D5+G5+J5+M5+P5+S5+V5+Y5+AB5 | AF5: =E5+H5+K5+N5+Q5+T5+W5+Z5+AC5 | AG5: =F5+I5+L5+O5+R5+U5+X5+AA5+AD5 | AH5: =(F5*0.5) + (I5*0.5) + (L5*1.25) + (O5*1.25) + (R5*0.5) + (U5*2.0) + (X5*2.5) + (AA5*2.5) + (AD5*1.5)
A6: 03/09/2026 | B6: Jueves | C6: Central | F6: =MAX(0, D6-E6) | I6: =MAX(0, G6-H6) | L6: =MAX(0, J6-K6) | O6: =MAX(0, M6-N6) | R6: =MAX(0, P6-Q6) | U6: =MAX(0, S6-T6) | X6: =MAX(0, V6-W6) | AA6: =MAX(0, Y6-Z6) | AD6: =MAX(0, AB6-AC6) | AE6: =D6+G6+J6+M6+P6+S6+V6+Y6+AB6 | AF6: =E6+H6+K6+N6+Q6+T6+W6+Z6+AC6 | AG6: =F6+I6+L6+O6+R6+U6+X6+AA6+AD6 | AH6: =(F6*0.5) + (I6*0.5) + (L6*1.25) + (O6*1.25) + (R6*0.5) + (U6*2.0) + (X6*2.5) + (AA6*2.5) + (AD6*1.5)
A7: 04/09/2026 | B7: Viernes | C7: Central | F7: =MAX(0, D7-E7) | I7: =MAX(0, G7-H7) | L7: =MAX(0, J7-K7) | O7: =MAX(0, M7-N7) | R7: =MAX(0, P7-Q7) | U7: =MAX(0, S7-T7) | X7: =MAX(0, V7-W7) | AA7: =MAX(0, Y7-Z7) | AD7: =MAX(0, AB7-AC7) | AE7: =D7+G7+J7+M7+P7+S7+V7+Y7+AB7 | AF7: =E7+H7+K7+N7+Q7+T7+W7+Z7+AC7 | AG7: =F7+I7+L7+O7+R7+U7+X7+AA7+AD7 | AH7: =(F7*0.5) + (I7*0.5) + (L7*1.25) + (O7*1.25) + (R7*0.5) + (U7*2.0) + (X7*2.5) + (AA7*2.5) + (AD7*1.5)
A8: 05/09/2026 | B8: Sábado | C8: Central | F8: =MAX(0, D8-E8) | I8: =MAX(0, G8-H8) | L8: =MAX(0, J8-K8) | O8: =MAX(0, M8-N8) | R8: =MAX(0, P8-Q8) | U8: =MAX(0, S8-T8) | X8: =MAX(0, V8-W8) | AA8: =MAX(0, Y8-Z8) | AD8: =MAX(0, AB8-AC8) | AE8: =D8+G8+J8+M8+P8+S8+V8+Y8+AB8 | AF8: =E8+H8+K8+N8+Q8+T8+W8+Z8+AC8 | AG8: =F8+I8+L8+O8+R8+U8+X8+AA8+AD8 | AH8: =(F8*0.5) + (I8*0.5) + (L8*1.25) + (O8*1.25) + (R8*0.5) + (U8*2.0) + (X8*2.5) + (AA8*2.5) + (AD8*1.5)
A9: 06/09/2026 | B9: Domingo | C9: Central | F9: =MAX(0, D9-E9) | I9: =MAX(0, G9-H9) | L9: =MAX(0, J9-K9) | O9: =MAX(0, M9-N9) | R9: =MAX(0, P9-Q9) | U9: =MAX(0, S9-T9) | X9: =MAX(0, V9-W9) | AA9: =MAX(0, Y9-Z9) | AD9: =MAX(0, AB9-AC9) | AE9: =D9+G9+J9+M9+P9+S9+V9+Y9+AB9 | AF9: =E9+H9+K9+N9+Q9+T9+W9+Z9+AC9 | AG9: =F9+I9+L9+O9+R9+U9+X9+AA9+AD9 | AH9: =(F9*0.5) + (I9*0.5) + (L9*1.25) + (O9*1.25) + (R9*0.5) + (U9*2.0) + (X9*2.5) + (AA9*2.5) + (AD9*1.5)
A10: 07/09/2026 | B10: Lunes | C10: Central | F10: =MAX(0, D10-E10) | I10: =MAX(0, G10-H10) | L10: =MAX(0, J10-K10) | O10: =MAX(0, M10-N10) | R10: =MAX(0, P10-Q10) | U10: =MAX(0, S10-T10) | X10: =MAX(0, V10-W10) | AA10: =MAX(0, Y10-Z10) | AD10: =MAX(0, AB10-AC10) | AE10: =D10+G10+J10+M10+P10+S10+V10+Y10+AB10 | AF10: =E10+H10+K10+N10+Q10+T10+W10+Z10+AC10 | AG10: =F10+I10+L10+O10+R10+U10+X10+AA10+AD10 | AH10: =(F10*0.5) + (I10*0.5) + (L10*1.25) + (O10*1.25) + (R10*0.5) + (U10*2.0) + (X10*2.5) + (AA10*2.5) + (AD10*1.5)
A11: 08/09/2026 | B11: Martes | C11: Central | F11: =MAX(0, D11-E11) | I11: =MAX(0, G11-H11) | L11: =MAX(0, J11-K11) | O11: =MAX(0, M11-N11) | R11: =MAX(0, P11-Q11) | U11: =MAX(0, S11-T11) | X11: =MAX(0, V11-W11) | AA11: =MAX(0, Y11-Z11) | AD11: =MAX(0, AB11-AC11) | AE11: =D11+G11+J11+M11+P11+S11+V11+Y11+AB11 | AF11: =E11+H11+K11+N11+Q11+T11+W11+Z11+AC11 | AG11: =F11+I11+L11+O11+R11+U11+X11+AA11+AD11 | AH11: =(F11*0.5) + (I11*0.5) + (L11*1.25) + (O11*1.25) + (R11*0.5) + (U11*2.0) + (X11*2.5) + (AA11*2.5) + (AD11*1.5)
A12: 09/09/2026 | B12: Miércoles | C12: Central | F12: =MAX(0, D12-E12) | I12: =MAX(0, G12-H12) | L12: =MAX(0, J12-K12) | O12: =MAX(0, M12-N12) | R12: =MAX(0, P12-Q12) | U12: =MAX(0, S12-T12) | X12: =MAX(0, V12-W12) | AA12: =MAX(0, Y12-Z12) | AD12: =MAX(0, AB12-AC12) | AE12: =D12+G12+J12+M12+P12+S12+V12+Y12+AB12 | AF12: =E12+H12+K12+N12+Q12+T12+W12+Z12+AC12 | AG12: =F12+I12+L12+O12+R12+U12+X12+AA12+AD12 | AH12: =(F12*0.5) + (I12*0.5) + (L12*1.25) + (O12*1.25) + (R12*0.5) + (U12*2.0) + (X12*2.5) + (AA12*2.5) + (AD12*1.5)
A13: 10/09/2026 | B13: Jueves | C13: Central | F13: =MAX(0, D13-E13) | I13: =MAX(0, G13-H13) | L13: =MAX(0, J13-K13) | O13: =MAX(0, M13-N13) | R13: =MAX(0, P13-Q13) | U13: =MAX(0, S13-T13) | X13: =MAX(0, V13-W13) | AA13: =MAX(0, Y13-Z13) | AD13: =MAX(0, AB13-AC13) | AE13: =D13+G13+J13+M13+P13+S13+V13+Y13+AB13 | AF13: =E13+H13+K13+N13+Q13+T13+W13+Z13+AC13 | AG13: =F13+I13+L13+O13+R13+U13+X13+AA13+AD13 | AH13: =(F13*0.5) + (I13*0.5) + (L13*1.25) + (O13*1.25) + (R13*0.5) + (U13*2.0) + (X13*2.5) + (AA13*2.5) + (AD13*1.5)
A14: 11/09/2026 | B14: Viernes | C14: Central | F14: =MAX(0, D14-E14) | I14: =MAX(0, G14-H14) | L14: =MAX(0, J14-K14) | O14: =MAX(0, M14-N14) | R14: =MAX(0, P14-Q14) | U14: =MAX(0, S14-T14) | X14: =MAX(0, V14-W14) | AA14: =MAX(0, Y14-Z14) | AD14: =MAX(0, AB14-AC14) | AE14: =D14+G14+J14+M14+P14+S14+V14+Y14+AB14 | AF14: =E14+H14+K14+N14+Q14+T14+W14+Z14+AC14 | AG14: =F14+I14+L14+O14+R14+U14+X14+AA14+AD14 | AH14: =(F14*0.5) + (I14*0.5) + (L14*1.25) + (O14*1.25) + (R14*0.5) + (U14*2.0) + (X14*2.5) + (AA14*2.5) + (AD14*1.5)
A15: 12/09/2026 | B15: Sábado | C15: Central | F15: =MAX(0, D15-E15) | I15: =MAX(0, G15-H15) | L15: =MAX(0, J15-K15) | O15: =MAX(0, M15-N15) | R15: =MAX(0, P15-Q15) | U15: =MAX(0, S15-T15) | X15: =MAX(0, V15-W15) | AA15: =MAX(0, Y15-Z15) | AD15: =MAX(0, AB15-AC15) | AE15: =D15+G15+J15+M15+P15+S15+V15+Y15+AB15 | AF15: =E15+H15+K15+N15+Q15+T15+W15+Z15+AC15 | AG15: =F15+I15+L15+O15+R15+U15+X15+AA15+AD15 | AH15: =(F15*0.5) + (I15*0.5) + (L15*1.25) + (O15*1.25) + (R15*0.5) + (U15*2.0) + (X15*2.5) + (AA15*2.5) + (AD15*1.5)
A16: 13/09/2026 | B16: Domingo | C16: Central | F16: =MAX(0, D16-E16) | I16: =MAX(0, G16-H16) | L16: =MAX(0, J16-K16) | O16: =MAX(0, M16-N16) | R16: =MAX(0, P16-Q16) | U16: =MAX(0, S16-T16) | X16: =MAX(0, V16-W16) | AA16: =MAX(0, Y16-Z16) | AD16: =MAX(0, AB16-AC16) | AE16: =D16+G16+J16+M16+P16+S16+V16+Y16+AB16 | AF16: =E16+H16+K16+N16+Q16+T16+W16+Z16+AC16 | AG16: =F16+I16+L16+O16+R16+U16+X16+AA16+AD16 | AH16: =(F16*0.5) + (I16*0.5) + (L16*1.25) + (O16*1.25) + (R16*0.5) + (U16*2.0) + (X16*2.5) + (AA16*2.5) + (AD16*1.5)
... A33: 30/09/2026 | B33: Miércoles | C33: Central | F33: =MAX(0, D33-E33) | I33: =MAX(0, G33-H33) | L33: =MAX(0, J33-K33) | O33: =MAX(0, M33-N33) | R33: =MAX(0, P33-Q33) | U33: =MAX(0, S33-T33) | X33: =MAX(0, V33-W33) | AA33: =MAX(0, Y33-Z33) | AD33: =MAX(0, AB33-AC33) | AE33: =D33+G33+J33+M33+P33+S33+V33+Y33+AB33 | AF33: =E33+H33+K33+N33+Q33+T33+W33+Z33+AC33 | AG33: =F33+I33+L33+O33+R33+U33+X33+AA33+AD33 | AH33: =(F33*0.5) + (I33*0.5) + (L33*1.25) + (O33*1.25) + (R33*0.5) + (U33*2.0) + (X33*2.5) + (AA33*2.5) + (AD33*1.5)
A34: TOTAL MES: | D34: =SUM(D4:D33) | E34: =SUM(E4:E33) | F34: =SUM(F4:F33) | G34: =SUM(G4:G33) | H34: =SUM(H4:H33) | I34: =SUM(I4:I33) | J34: =SUM(J4:J33) | K34: =SUM(K4:K33) | ... AH34: =SUM(AH4:AH33)

Sheet Carga_Detallada_Dia_a_Dia
A1: REGISTRO DIARIO DE HORNEADO, SOBRANTE Y MERMAS (BASE DE DATOS SEPTIEMBRE 2026)
A2: Fecha | B2: Día Semana | C2: Sucursal | D2: ID Prod | E2: Categoría | F2: Producto Terminado | G2: Uds/Lata | H2: Latas Horneadas | I2: Total Horneado (Piezas) | J2: Sobrante al Cierre (Piezas) | K2: Merma / Dañados | L2: Venta Estimada (Piezas) | M2: Precio (Q) | N2: Total Venta (Q)
A3: 01/09/2026 | B3: Martes | C3: Sucursal Central | D3: 54 | E3: Pan | F3: Pan Francés Tradicional | G3: 36 | H3: 33 | I3: =IF(H3>0, H3*G3, 1188) | J3: 36 | K3: 0 | L3: =IF(I3>0, MAX(0, I3-J3-K3), 0) | M3: 0.5 | N3: =L3*M3
A4: 01/09/2026 | B4: Martes | C4: Sucursal Central | D4: 55 | E4: Pan Dulce | F4: Pan Dulce Pequeño | G4: 40 | H4: 15 | I4: =IF(H4>0, H4*G4, 600) | J4: 25 | K4: 0 | L4: =IF(I4>0, MAX(0, I4-J4-K4), 0) | M4: 0.5 | N4: =L4*M4
A5: 01/09/2026 | B5: Martes | C5: Sucursal Central | D5: 56 | E5: Pan Dulce | F5: Pan Dulce Grande | G5: 20 | H5: 15 | I5: =IF(H5>0, H5*G5, 300) | J5: 15 | K5: 0 | L5: =IF(I5>0, MAX(0, I5-J5-K5), 0) | M5: 1.25 | N5: =L5*M5
A6: 01/09/2026 | B6: Martes | C6: Sucursal Central | D6: 57 | E6: Galletas | F6: Pan Galleta | G6: 20 | H6: 10 | I6: =IF(H6>0, H6*G6, 200) | J6: 10 | K6: 0 | L6: =IF(I6>0, MAX(0, I6-J6-K6), 0) | M6: 1.25 | N6: =L6*M6
A7: 01/09/2026 | B7: Martes | C7: Sucursal Central | D7: 58 | E7: Galletas | F7: Champurrada Pequeña | G7: 24 | H7: 10 | I7: =IF(H7>0, H7*G7, 240) | J7: 12 | K7: 0 | L7: =IF(I7>0, MAX(0, I7-J7-K7), 0) | M7: 0.5 | N7: =L7*M7
A8: 01/09/2026 | B8: Martes | C8: Sucursal Central | D8: 59 | E8: Galletas | F8: Champurrada Grande | G8: 15 | H8: 10 | I8: =IF(H8>0, H8*G8, 150) | J8: 8 | K8: 0 | L8: =IF(I8>0, MAX(0, I8-J8-K8), 0) | M8: 1.25 | N8: =L8*M8
A9: 01/09/2026 | B9: Martes | C9: Sucursal Central | D9: 60 | E9: Reposteria | F9: Cubilete de Vainilla | G9: 30 | H9: 4 | I9: =IF(H9>0, H9*G9, 120) | J9: 6 | K9: 0 | L9: =IF(I9>0, MAX(0, I9-J9-K9), 0) | M9: 2 | N9: =L9*M9
A10: 01/09/2026 | B10: Martes | C10: Sucursal Central | D10: 61 | E10: Reposteria | F10: Cubilete de Banano | G10: 30 | H10: 4 | I10: =IF(H10>0, H10*G10, 120) | J10: 5 | K10: 0 | L10: =IF(I10>0, MAX(0, I10-J10-K10), 0) | M10: 2 | N10: =L10*M10
A11: 01/09/2026 | B11: Martes | C11: Sucursal Central | D11: 62 | E11: Reposteria | F11: Empanada de Piña | G11: 16 | H11: 6 | I11: =IF(H11>0, H11*G11, 96) | J11: 4 | K11: 0 | L11: =IF(I11>0, MAX(0, I11-J11-K11), 0) | M11: 2.5 | N11: =L11*M11
A12: 01/09/2026 | B12: Martes | C12: Sucursal Central | D12: 63 | E12: Reposteria | F12: Empanada de Manjar | G12: 16 | H12: 6 | I12: =IF(H12>0, H12*G12, 96) | J12: 4 | K12: 0 | L12: =IF(I12>0, MAX(0, I12-J12-K12), 0) | M12: 2.5 | N12: =L12*M12
A13: 01/09/2026 | B13: Martes | C13: Sucursal Central | D13: 64 | E13: Galletas | F13: Polvorosa Tradicional | G13: 15 | H13: 10 | I13: =IF(H13>0, H13*G13, 150) | J13: 10 | K13: 0 | L13: =IF(I13>0, MAX(0, I13-J13-K13), 0) | M13: 1.25 | N13: =L13*M13
A14: 01/09/2026 | B14: Martes | C14: Sucursal Central | D14: 65 | E14: Donas | F14: Dona Simple Glaseada | G14: 24 | H14: 5 | I14: =IF(H14>0, H14*G14, 120) | J14: 8 | K14: 0 | L14: =IF(I14>0, MAX(0, I14-J14-K14), 0) | M14: 2.5 | N14: =L14*M14
A15: 01/09/2026 | B15: Martes | C15: Sucursal Central | D15: 66 | E15: Donas | F15: Dona Rellena de Manjar | G15: 24 | H15: 5 | I15: =IF(H15>0, H15*G15, 120) | J15: 6 | K15: 0 | L15: =IF(I15>0, MAX(0, I15-J15-K15), 0) | M15: 4 | N15: =L15*M15
A16: 01/09/2026 | B16: Martes | C16: Sucursal Central | D16: 67 | E16: Donas | F16: Dona Rellena de Fresa | G16: 24 | H16: 5 | I16: =IF(H16>0, H16*G16, 120) | J16: 6 | K16: 0 | L16: =IF(I16>0, MAX(0, I16-J16-K16), 0) | M16: 4 | N16: =L16*M16
A17: 01/09/2026 | B17: Martes | C17: Sucursal Central | D17: 68 | E17: Pan Dulce | F17: Campechana | G17: 20 | H17: 10 | I17: =IF(H17>0, H17*G17, 200) | J17: 12 | K17: 0 | L17: =IF(I17>0, MAX(0, I17-J17-K17), 0) | M17: 1.25 | N17: =L17*M17
A18: 01/09/2026 | B18: Martes | C18: Sucursal Central | D18: 69 | E18: Pan Dulce | F18: Pasitas | G18: 30 | H18: 8 | I18: =IF(H18>0, H18*G18, 240) | J18: 15 | K18: 0 | L18: =IF(I18>0, MAX(0, I18-J18-K18), 0) | M18: 0.75 | N18: =L18*M18
A19: 01/09/2026 | B19: Martes | C19: Sucursal Central | D19: 70 | E19: Reposteria | F19: Cortada de Fresa | G19: 14 | H19: 6 | I19: =IF(H19>0, H19*G19, 84) | J19: 4 | K19: 0 | L19: =IF(I19>0, MAX(0, I19-J19-K19), 0) | M19: 2.5 | N19: =L19*M19
A20: 01/09/2026 | B20: Martes | C20: Sucursal Central | D20: 71 | E20: Reposteria | F20: Cortada de Chocolate | G20: 14 | H20: 6 | I20: =IF(H20>0, H20*G20, 84) | J20: 4 | K20: 0 | L20: =IF(I20>0, MAX(0, I20-J20-K20), 0) | M20: 2.5 | N20: =L20*M20
A21: 02/09/2026 | B21: Miércoles | C21: Sucursal Central | D21: 54 | E21: Pan | F21: Pan Francés Tradicional | G21: 36 | I21: =IF(H21>0, H21*G21, "") | K21: 0 | L21: =IF(I21>0, MAX(0, I21-J21-K21), 0) | M21: 0.5 | N21: =L21*M21
A22: 02/09/2026 | B22: Miércoles | C22: Sucursal Central | D22: 55 | E22: Pan Dulce | F22: Pan Dulce Pequeño | G22: 40 | I22: =IF(H22>0, H22*G22, "") | K22: 0 | L22: =IF(I22>0, MAX(0, I22-J22-K22), 0) | M22: 0.5 | N22: =L22*M22
A23: 02/09/2026 | B23: Miércoles | C23: Sucursal Central | D23: 56 | E23: Pan Dulce | F23: Pan Dulce Grande | G23: 20 | I23: =IF(H23>0, H23*G23, "") | K23: 0 | L23: =IF(I23>0, MAX(0, I23-J23-K23), 0) | M23: 1.25 | N23: =L23*M23
A24: 02/09/2026 | B24: Miércoles | C24: Sucursal Central | D24: 57 | E24: Galletas | F24: Pan Galleta | G24: 20 | I24: =IF(H24>0, H24*G24, "") | K24: 0 | L24: =IF(I24>0, MAX(0, I24-J24-K24), 0) | M24: 1.25 | N24: =L24*M24
A25: 02/09/2026 | B25: Miércoles | C25: Sucursal Central | D25: 58 | E25: Galletas | F25: Champurrada Pequeña | G25: 24 | I25: =IF(H25>0, H25*G25, "") | K25: 0 | L25: =IF(I25>0, MAX(0, I25-J25-K25), 0) | M25: 0.5 | N25: =L25*M25
A26: 02/09/2026 | B26: Miércoles | C26: Sucursal Central | D26: 59 | E26: Galletas | F26: Champurrada Grande | G26: 15 | I26: =IF(H26>0, H26*G26, "") | K26: 0 | L26: =IF(I26>0, MAX(0, I26-J26-K26), 0) | M26: 1.25 | N26: =L26*M26
A27: 02/09/2026 | B27: Miércoles | C27: Sucursal Central | D27: 60 | E27: Reposteria | F27: Cubilete de Vainilla | G27: 30 | I27: =IF(H27>0, H27*G27, "") | K27: 0 | L27: =IF(I27>0, MAX(0, I27-J27-K27), 0) | M27: 2 | N27: =L27*M27
A28: 02/09/2026 | B28: Miércoles | C28: Sucursal Central | D28: 61 | E28: Reposteria | F28: Cubilete de Banano | G28: 30 | I28: =IF(H28>0, H28*G28, "") | K28: 0 | L28: =IF(I28>0, MAX(0, I28-J28-K28), 0) | M28: 2 | N28: =L28*M28
A29: 02/09/2026 | B29: Miércoles | C29: Sucursal Central | D29: 62 | E29: Reposteria | F29: Empanada de Piña | G29: 16 | I29: =IF(H29>0, H29*G29, "") | K29: 0 | L29: =IF(I29>0, MAX(0, I29-J29-K29), 0) | M29: 2.5 | N29: =L29*M29
A30: 02/09/2026 | B30: Miércoles | C30: Sucursal Central | D30: 63 | E30: Reposteria | F30: Empanada de Manjar | G30: 16 | I30: =IF(H30>0, H30*G30, "") | K30: 0 | L30: =IF(I30>0, MAX(0, I30-J30-K30), 0) | M30: 2.5 | N30: =L30*M30
A31: 02/09/2026 | B31: Miércoles | C31: Sucursal Central | D31: 64 | E31: Galletas | F31: Polvorosa Tradicional | G31: 15 | I31: =IF(H31>0, H31*G31, "") | K31: 0 | L31: =IF(I31>0, MAX(0, I31-J31-K31), 0) | M31: 1.25 | N31: =L31*M31
A32: 02/09/2026 | B32: Miércoles | C32: Sucursal Central | D32: 65 | E32: Donas | F32: Dona Simple Glaseada | G32: 24 | I32: =IF(H32>0, H32*G32, "") | K32: 0 | L32: =IF(I32>0, MAX(0, I32-J32-K32), 0) | M32: 2.5 | N32: =L32*M32
... A542: 30/09/2026 | B542: Miércoles | C542: Sucursal Central | D542: 71 | E542: Reposteria | F542: Cortada de Chocolate | G542: 14 | I542: =IF(H542>0, H542*G542, "") | K542: 0 | L542: =IF(I542>0, MAX(0, I542-J542-K542), 0) | M542: 2.5 | N542: =L542*M542

Sheet Resumen_Consolidado_Mes
A1: RESUMEN CONSOLIDADO MENSUAL POR PRODUCTO — SEPTIEMBRE 2026
A2: ID | B2: Categoría | C2: Producto | D2: Precio Base | E2: Total Horneado Mes | F2: Total Sobrante Mes | G2: Total Vendido Mes | H2: % Eficiencia Venta | I2: Ingreso Total Estimado (Q)
A3: 54 | B3: Pan | C3: Pan Francés Tradicional | D3: 0.5 | E3: =SUMIF(Carga_Detallada_Dia_a_Dia!$D$3:$D$542, A3, Carga_Detallada_Dia_a_Dia!$I$3:$I$542) | F3: =SUMIF(Carga_Detallada_Dia_a_Dia!$D$3:$D$542, A3, Carga_Detallada_Dia_a_Dia!$J$3:$J$542) | G3: =SUMIF(Carga_Detallada_Dia_a_Dia!$D$3:$D$542, A3, Carga_Detallada_Dia_a_Dia!$L$3:$L$542) | H3: =IF(E3>0, G3/E3, 0) | I3: =G3*D3
A4: 55 | B4: Pan Dulce | C4: Pan Dulce Pequeño | D4: 0.5 | E4: =SUMIF(Carga_Detallada_Dia_a_Dia!$D$3:$D$542, A4, Carga_Detallada_Dia_a_Dia!$I$3:$I$542) | F4: =SUMIF(Carga_Detallada_Dia_a_Dia!$D$3:$D$542, A4, Carga_Detallada_Dia_a_Dia!$J$3:$J$542) | G4: =SUMIF(Carga_Detallada_Dia_a_Dia!$D$3:$D$542, A4, Carga_Detallada_Dia_a_Dia!$L$3:$L$542) | H4: =IF(E4>0, G4/E4, 0) | I4: =G4*D4
A5: 56 | B5: Pan Dulce | C5: Pan Dulce Grande | D5: 1.25 | E5: =SUMIF(Carga_Detallada_Dia_a_Dia!$D$3:$D$542, A5, Carga_Detallada_Dia_a_Dia!$I$3:$I$542) | F5: =SUMIF(Carga_Detallada_Dia_a_Dia!$D$3:$D$542, A5, Carga_Detallada_Dia_a_Dia!$J$3:$J$542) | G5: =SUMIF(Carga_Detallada_Dia_a_Dia!$D$3:$D$542, A5, Carga_Detallada_Dia_a_Dia!$L$3:$L$542) | H5: =IF(E5>0, G5/E5, 0) | I5: =G5*D5
A6: 57 | B6: Galletas | C6: Pan Galleta | D6: 1.25 | E6: =SUMIF(Carga_Detallada_Dia_a_Dia!$D$3:$D$542, A6, Carga_Detallada_Dia_a_Dia!$I$3:$I$542) | F6: =SUMIF(Carga_Detallada_Dia_a_Dia!$D$3:$D$542, A6, Carga_Detallada_Dia_a_Dia!$J$3:$J$542) | G6: =SUMIF(Carga_Detallada_Dia_a_Dia!$D$3:$D$542, A6, Carga_Detallada_Dia_a_Dia!$L$3:$L$542) | H6: =IF(E6>0, G6/E6, 0) | I6: =G6*D6
A7: 58 | B7: Galletas | C7: Champurrada Pequeña | D7: 0.5 | E7: =SUMIF(Carga_Detallada_Dia_a_Dia!$D$3:$D$542, A7, Carga_Detallada_Dia_a_Dia!$I$3:$I$542) | F7: =SUMIF(Carga_Detallada_Dia_a_Dia!$D$3:$D$542, A7, Carga_Detallada_Dia_a_Dia!$J$3:$J$542) | G7: =SUMIF(Carga_Detallada_Dia_a_Dia!$D$3:$D$542, A7, Carga_Detallada_Dia_a_Dia!$L$3:$L$542) | H7: =IF(E7>0, G7/E7, 0) | I7: =G7*D7
A8: 59 | B8: Galletas | C8: Champurrada Grande | D8: 1.25 | E8: =SUMIF(Carga_Detallada_Dia_a_Dia!$D$3:$D$542, A8, Carga_Detallada_Dia_a_Dia!$I$3:$I$542) | F8: =SUMIF(Carga_Detallada_Dia_a_Dia!$D$3:$D$542, A8, Carga_Detallada_Dia_a_Dia!$J$3:$J$542) | G8: =SUMIF(Carga_Detallada_Dia_a_Dia!$D$3:$D$542, A8, Carga_Detallada_Dia_a_Dia!$L$3:$L$542) | H8: =IF(E8>0, G8/E8, 0) | I8: =G8*D8
A9: 60 | B9: Reposteria | C9: Cubilete de Vainilla | D9: 2 | E9: =SUMIF(Carga_Detallada_Dia_a_Dia!$D$3:$D$542, A9, Carga_Detallada_Dia_a_Dia!$I$3:$I$542) | F9: =SUMIF(Carga_Detallada_Dia_a_Dia!$D$3:$D$542, A9, Carga_Detallada_Dia_a_Dia!$J$3:$J$542) | G9: =SUMIF(Carga_Detallada_Dia_a_Dia!$D$3:$D$542, A9, Carga_Detallada_Dia_a_Dia!$L$3:$L$542) | H9: =IF(E9>0, G9/E9, 0) | I9: =G9*D9
A10: 61 | B10: Reposteria | C10: Cubilete de Banano | D10: 2 | E10: =SUMIF(Carga_Detallada_Dia_a_Dia!$D$3:$D$542, A10, Carga_Detallada_Dia_a_Dia!$I$3:$I$542) | F10: =SUMIF(Carga_Detallada_Dia_a_Dia!$D$3:$D$542, A10, Carga_Detallada_Dia_a_Dia!$J$3:$J$542) | G10: =SUMIF(Carga_Detallada_Dia_a_Dia!$D$3:$D$542, A10, Carga_Detallada_Dia_a_Dia!$L$3:$L$542) | H10: =IF(E10>0, G10/E10, 0) | I10: =G10*D10
A11: 62 | B11: Reposteria | C11: Empanada de Piña | D11: 2.5 | E11: =SUMIF(Carga_Detallada_Dia_a_Dia!$D$3:$D$542, A11, Carga_Detallada_Dia_a_Dia!$I$3:$I$542) | F11: =SUMIF(Carga_Detallada_Dia_a_Dia!$D$3:$D$542, A11, Carga_Detallada_Dia_a_Dia!$J$3:$J$542) | G11: =SUMIF(Carga_Detallada_Dia_a_Dia!$D$3:$D$542, A11, Carga_Detallada_Dia_a_Dia!$L$3:$L$542) | H11: =IF(E11>0, G11/E11, 0) | I11: =G11*D11
A12: 63 | B12: Reposteria | C12: Empanada de Manjar | D12: 2.5 | E12: =SUMIF(Carga_Detallada_Dia_a_Dia!$D$3:$D$542, A12, Carga_Detallada_Dia_a_Dia!$I$3:$I$542) | F12: =SUMIF(Carga_Detallada_Dia_a_Dia!$D$3:$D$542, A12, Carga_Detallada_Dia_a_Dia!$J$3:$J$542) | G12: =SUMIF(Carga_Detallada_Dia_a_Dia!$D$3:$D$542, A12, Carga_Detallada_Dia_a_Dia!$L$3:$L$542) | H12: =IF(E12>0, G12/E12, 0) | I12: =G12*D12
A13: 64 | B13: Galletas | C13: Polvorosa Tradicional | D13: 1.25 | E13: =SUMIF(Carga_Detallada_Dia_a_Dia!$D$3:$D$542, A13, Carga_Detallada_Dia_a_Dia!$I$3:$I$542) | F13: =SUMIF(Carga_Detallada_Dia_a_Dia!$D$3:$D$542, A13, Carga_Detallada_Dia_a_Dia!$J$3:$J$542) | G13: =SUMIF(Carga_Detallada_Dia_a_Dia!$D$3:$D$542, A13, Carga_Detallada_Dia_a_Dia!$L$3:$L$542) | H13: =IF(E13>0, G13/E13, 0) | I13: =G13*D13
A14: 65 | B14: Donas | C14: Dona Simple Glaseada | D14: 2.5 | E14: =SUMIF(Carga_Detallada_Dia_a_Dia!$D$3:$D$542, A14, Carga_Detallada_Dia_a_Dia!$I$3:$I$542) | F14: =SUMIF(Carga_Detallada_Dia_a_Dia!$D$3:$D$542, A14, Carga_Detallada_Dia_a_Dia!$J$3:$J$542) | G14: =SUMIF(Carga_Detallada_Dia_a_Dia!$D$3:$D$542, A14, Carga_Detallada_Dia_a_Dia!$L$3:$L$542) | H14: =IF(E14>0, G14/E14, 0) | I14: =G14*D14
... A20: 71 | B20: Reposteria | C20: Cortada de Chocolate | D20: 2.5 | E20: =SUMIF(Carga_Detallada_Dia_a_Dia!$D$3:$D$542, A20, Carga_Detallada_Dia_a_Dia!$I$3:$I$542) | F20: =SUMIF(Carga_Detallada_Dia_a_Dia!$D$3:$D$542, A20, Carga_Detallada_Dia_a_Dia!$J$3:$J$542) | G20: =SUMIF(Carga_Detallada_Dia_a_Dia!$D$3:$D$542, A20, Carga_Detallada_Dia_a_Dia!$L$3:$L$542) | H20: =IF(E20>0, G20/E20, 0) | I20: =G20*D20
A21: TOTAL GENERAL MES: | E21: =SUM(E3:E20) | F21: =SUM(F3:F20) | G21: =SUM(G3:G20) | H21: =IF(E21>0, G21/E21, 0) | I21: =SUM(I3:I20)
